Source,Genus,Species,Family,Month,Day,Year,Transect,park,Source Information,Pisces  #,sample form/condition,tested for,Bd,results,comments
SIU/KL,Agalychnis,callidryas,Hylidae,7,20,2004,NA,n,A. piedra; 7-20-04; Bag 10; swamp,49021,skin scrape/EtOH,Batrachochytrium d.,0,-,
SIU/KL,Agalychnis,callidryas,Hylidae,7,21,2004,NA,n,A. piedra; 7-21-04; Bag 10,49026,skin scrape/EtOH,Batrachochytrium d.,1,+,
SIU/KL,Agalychnis,callidryas,Hylidae,7,22,2004,NA,n,7-22-04; Bag 13,49055,skin scrape/EtOH,Batrachochytrium d.,1,+,
SIU/KL,Agalychnis,callidryas,Hylidae,7,22,2004,NA,n,7-22-04; Bag 13,49056,skin scrape/EtOH,Batrachochytrium d.,1,+,
SIU/KL,Agalychnis,callidryas,Hylidae,7,22,2004,NA,n,7-22-04; Bag 13,49057,skin scrape/EtOH,Batrachochytrium d.,1,+,
SIU/KL,Agalychnis,callidryas,Hylidae,7,22,2004,NA,n,7-22-04; Bag 13,49058,skin scrape/EtOH,Batrachochytrium d.,1,+,
SIU/KL,Atelopus,zeteki,Bufonidae,3,4,2004,LoopStream,y,Bag #20; 4 Mar 04; Loop Stream,48822,skin scrape/EtOH,Batrachochytrium d.,0,-,
SIU/KL,Atelopus,zeteki,Bufonidae,3,4,2004,LoopStream,y,Bag #20; 4 Mar 04; Loop Stream,48823,skin scrape/EtOH,Batrachochytrium d.,0,-,
SIU/KL,Atelopus,zeteki,Bufonidae,3,5,2004,Cascada,y,Bag #28; 5 Mar 04; Cascada,48911,skin scrape/EtOH,Batrachochytrium d.,0,-,
SIU/KL,Atelopus,zeteki,Bufonidae,3,5,2004,Cascada,y,Bag #28; 5 Mar 04; Cascada,48910,skin scrape/EtOH,Batrachochytrium d.,0,-,
SIU/KL,Atelopus,zeteki,Bufonidae,3,6,2004,Guabal,y,Bag #5; A. zeteki; 6 Mar 04; Guabal,48689,skin scrape/EtOH,Batrachochytrium d.,0,-,
SIU/KL,Atelopus,zeteki,Bufonidae,3,6,2004,Guabal,y,Bag #5; A. zeteki; 6 Mar 04; Guabal,48694,skin scrape/EtOH,Batrachochytrium d.,0,-,
SIU/KL,Atelopus,zeteki,Bufonidae,3,6,2004,Guabal,y,Bag #5; A. zeteki; 6 Mar 04; Guabal,48686,skin scrape/EtOH,Batrachochytrium d.,0,-,
SIU/KL,Atelopus,zeteki,Bufonidae,3,6,2004,Guabal,y,Bag #5; A. zeteki; 6 Mar 04; Guabal,48690,skin scrape/EtOH,Batrachochytrium d.,0,-,
SIU/KL,Atelopus,zeteki,Bufonidae,3,6,2004,Guabal,y,Bag #5; A. zeteki; 6 Mar 04; Guabal,48692,skin scrape/EtOH,Batrachochytrium d.,0,-,
SIU/KL,Atelopus,zeteki,Bufonidae,3,6,2004,Guabal,y,Bag #5; A. zeteki; 6 Mar 04; Guabal,48691,skin scrape/EtOH,Batrachochytrium d.,0,-,
SIU/KL,Atelopus,zeteki,Bufonidae,3,6,2004,Guabal,y,Bag #5; A. zeteki; 6 Mar 04; Guabal,48688,skin scrape/EtOH,Batrachochytrium d.,0,-,
SIU/KL,Atelopus,zeteki,Bufonidae,3,6,2004,Guabal,y,Bag #5; A. zeteki; 6 Mar 04; Guabal,48687,skin scrape/EtOH,Batrachochytrium d.,0,-,
SIU/KL,Atelopus,zeteki,Bufonidae,3,6,2004,Guabal,y,Bag #5; A. zeteki; 6 Mar 04; Guabal,48693,skin scrape/EtOH,Batrachochytrium d.,0,-,
SIU/KL,Atelopus,zeteki,Bufonidae,3,6,2004,Guabal,y,Bag #5; A. zeteki; 6 Mar 04; Guabal,48685,skin scrape/EtOH,Batrachochytrium d.,0,-,
SIU/KL,Atelopus,zeteki,Bufonidae,3,6,2004,Guabal,y,Bag #5; A. zeteki; 6 Mar 04; Guabal,48695,skin scrape/EtOH,Batrachochytrium d.,0,-,
SIU/KL,Bolitaglossa,colonnea,Plethodontidae,3,4,2004,Silenciosa,y,Bag #17; 7 Mar 04; Silenciosa,48794,skin scrape/EtOH,Batrachochytrium d.,0,-,should be 7 Mar 04??
SIU/KL,Bolitaglossa,colonnea,Plethodontidae,3,4,2004,Silenciosa,y,Bag #17; 7 Mar 04; Silenciosa,48795,skin scrape/EtOH,Batrachochytrium d.,0,-,
SIU/KL,Bolitaglossa,schizodactyla,Plethodontidae,3,4,2004,LoopStream,y,Bag #20; 4 Mar 04; Loop Stream,48824,skin scrape/EtOH,Batrachochytrium d.,0,-,
SIU/KL,Bolitaglossa,schizodactyla,Plethodontidae,3,4,2004,LoopStream,y,Bag #20; 4 Mar 04; Loop Stream,48825,skin scrape/EtOH,Batrachochytrium d.,0,-,
SIU/KL,Bolitaglossa,schizodactyla,Plethodontidae,3,4,2004,LoopStream,y,Bag #20; 4 Mar 04; Loop Stream,48826,skin scrape/EtOH,Batrachochytrium d.,0,-,
SIU/KL,Bolitaglossa,schizodactyla,Plethodontidae,3,4,2004,LoopStream,y,Bag #20; 4 Mar 04; Loop Stream,48827,skin scrape/EtOH,Batrachochytrium d.,0,-,
SIU/KL,Bolitaglossa,schizodactyla,Plethodontidae,3,4,2004,LoopStream,y,Bag #20; 4 Mar 04; Loop Stream,48828,skin scrape/EtOH,Batrachochytrium d.,0,-,
SIU/KL,Bolitaglossa,schizodactyla,Plethodontidae,3,6,2004,Guabal,y,Bag #7; 6 Mar 04; Guabal,48707,skin scrape/EtOH,Batrachochytrium d.,0,-,
SIU/KL,Bolitaglossa,schizodactyla,Plethodontidae,3,6,2004,Guabal,y,Bag #7; 6 Mar 04; Guabal,48708,skin scrape/EtOH,Batrachochytrium d.,0,-,
SIU/KL,Bolitaglossa,schizodactyla,Plethodontidae,3,7,2004,Silencoisa,y,Bag #17; 7 Mar 04; Silenciosa,48796,skin scrape/EtOH,Batrachochytrium d.,0,-,
SIU/KL,Bolitaglossa,schizodactyla,Plethodontidae,3,7,2004,Silencoisa,y,Bag #17; 7 Mar 04; Silenciosa,48797,skin scrape/EtOH,Batrachochytrium d.,0,-,
SIU/KL,Bolitaglossa,schizodactyla,Plethodontidae,3,7,2004,Silencoisa,y,Bag #17; 7 Mar 04; Silenciosa,48798,skin scrape/EtOH,Batrachochytrium d.,0,-,
SIU/KL,Bolitaglossa,schizodactyla,Plethodontidae,3,7,2004,Silencoisa,y,Bag #17; 7 Mar 04; Silenciosa,48799,skin scrape/EtOH,Batrachochytrium d.,0,-,
SIU/KL,Bolitaglossa,schizodactyla,Plethodontidae,3,7,2004,Silencoisa,y,Bag #17; 7 Mar 04; Silenciosa,48800,skin scrape/EtOH,Batrachochytrium d.,0,-,
SIU/KL,Bolitaglossa,schizodactyla,Plethodontidae,3,7,2004,Silencoisa,y,Bag #17; 7 Mar 04; Silenciosa,48801,skin scrape/EtOH,Batrachochytrium d.,0,-,
SIU/KL,Bolitaglossa,schizodactyla,Plethodontidae,3,8,2004,LoopTrail,y,Bag#4; 8 Mar 04; Loop Trail,48675,skin scrape/EtOH,Batrachochytrium d.,0,-,
SIU/KL,Bolitaglossa,schizodactyla,Plethodontidae,3,8,2004,LoopTrail,y,Bag#4; 8 Mar 04; Loop Trail,48676,skin scrape/EtOH,Batrachochytrium d.,0,-,
SIU/KL,Bolitaglossa,schizodactyla,Plethodontidae,3,8,2004,LoopTrail,y,Bag#4; 8 Mar 04; Loop Trail,48677,skin scrape/EtOH,Batrachochytrium d.,0,-,
SIU/KL,Bolitaglossa,schizodactyla,Plethodontidae,3,8,2004,LoopTrail,y,Bag#4; 8 Mar 04; Loop Trail,48678,skin scrape/EtOH,Batrachochytrium d.,0,-,
SIU/KL,Bolitaglossa,schizodactyla,Plethodontidae,3,8,2004,LoopTrail,y,Bag#4; 8 Mar 04; Loop Trail,48679,skin scrape/EtOH,Batrachochytrium d.,0,-,
SIU/KL,Bolitaglossa,schizodactyla,Plethodontidae,3,8,2004,LoopTrail,y,Bag#4; 8 Mar 04; Loop Trail,48680,skin scrape/EtOH,Batrachochytrium d.,0,-,
SIU/KL,Bolitaglossa,schizodactyla,Plethodontidae,3,8,2004,LoopTrail,y,Bag#4; 8 Mar 04; Loop Trail,48681,skin scrape/EtOH,Batrachochytrium d.,0,-,
SIU/KL,Bolitaglossa,schizodactyla,Plethodontidae,3,8,2004,LoopTrail,y,Bag#4; 8 Mar 04; Loop Trail,48682,skin scrape/EtOH,Batrachochytrium d.,0,-,
SIU/KL,Bufo,coniferus,Bufonidae,3,6,2004,Guabal,y,Bag #9; 6 Mar 04; Guabal,48730,skin scrape/EtOH,Batrachochytrium d.,0,-,
SIU/KL,Bufo,coniferus,Bufonidae,7,20,2004,NA,n,A. piedra; 7-20-04; Bag 10,49020,skin scrape/EtOH,Batrachochytrium d.,1,+++,
SIU/KL,Bufo,heamotiticus,Bufonidae,3,4,2004,LoopStream,y,Bag #21; 4 Mar 04; Loop Stream,48843,skin scrape/EtOH,Batrachochytrium d.,0,-,
SIU/KL,Bufo,heamotiticus,Bufonidae,3,6,2004,Guabal,y,Bag #8; 6 Mar 04; Guabal,48723,skin scrape/EtOH,Batrachochytrium d.,0,-,
SIU/KL,Bufo,heamotiticus,Bufonidae,3,6,2004,Guabal,y,Bag #8; 6 Mar 04; Guabal,48724,skin scrape/EtOH,Batrachochytrium d.,0,-,
SIU/KL,Bufo,heamotiticus,Bufonidae,3,7,2004,Silencoisa,y,Bag #11; 7 Mar 04; Silenciosa,48741,skin scrape/EtOH,Batrachochytrium d.,0,-,
SIU/KL,Bufo,heamotiticus,Bufonidae,3,7,2004,Silencoisa,y,Bag #11; 7 Mar 04; Silenciosa,48742,skin scrape/EtOH,Batrachochytrium d.,0,-,
SIU/KL,Bufo,heamotiticus,Bufonidae,3,7,2004,Silencoisa,y,Bag #11; 7 Mar 04; Silenciosa,48743,skin scrape/EtOH,Batrachochytrium d.,0,-,
SIU/KL,Chaunus,marianus,Bufonidae,7,22,2004,NA,n,7-22-04; Bag 13,49049,skin scrape/EtOH,Batrachochytrium d.,1,+,
SIU/KL,Chaunus,marianus,Bufonidae,NA,NA,NA,NA,n,Bag 2,48942,skin scrape/EtOH,Batrachochytrium d.,0,-,
SIU/KL,Chaunus,marianus,Bufonidae,NA,NA,NA,NA,n,Bag 2,48945,skin scrape/EtOH,Batrachochytrium d.,0,-,
SIU/KL,Chaunus,marianus,Bufonidae,NA,NA,NA,NA,n,Bag 2,48943,skin scrape/EtOH,Batrachochytrium d.,0,-,
SIU/KL,Chaunus,marianus,Bufonidae,NA,NA,NA,NA,n,Bag 2,48946,skin scrape/EtOH,Batrachochytrium d.,0,-,
SIU/KL,Chaunus,marianus,Bufonidae,NA,NA,NA,NA,n,Bag 2,48947,skin scrape/EtOH,Batrachochytrium d.,0,-,
SIU/KL,Chaunus,marianus,Bufonidae,NA,NA,NA,NA,n,Bag 2,48948,skin scrape/EtOH,Batrachochytrium d.,0,-,
SIU/KL,Chaunus,marianus,Bufonidae,NA,NA,NA,NA,n,Bag 2,48944,skin scrape/EtOH,Batrachochytrium d.,0,-,
SIU/KL,Colostethus,inguinalis,Dendrobatidae,3,4,2004,LoopStream,y,Bag #21; 4 Mar 04; Loop Stream,48834,skin scrape/EtOH,Batrachochytrium d.,0,-,
SIU/KL,Colostethus,inguinalis,Dendrobatidae,3,4,2004,LoopStream,y,Bag #21; 4 Mar 04; Loop Stream,48835,skin scrape/EtOH,Batrachochytrium d.,0,-,
SIU/KL,Colostethus,inguinalis,Dendrobatidae,3,4,2004,LoopStream,y,Bag #21; 4 Mar 04; Loop Stream,48836,skin scrape/EtOH,Batrachochytrium d.,0,-,
SIU/KL,Colostethus,inguinalis,Dendrobatidae,3,5,2004,Cascada,y,Bag #28; 5 Mar 04; Cascada,48903,skin scrape/EtOH,Batrachochytrium d.,0,-,
SIU/KL,Colostethus,inguinalis,Dendrobatidae,3,5,2004,Cascada,y,Bag #28; 5 Mar 04; Cascada,48904,skin scrape/EtOH,Batrachochytrium d.,0,-,
SIU/KL,Colostethus,inguinalis,Dendrobatidae,3,5,2004,Cascada,y,Bag #28; 5 Mar 04; Cascada,48905,skin scrape/EtOH,Batrachochytrium d.,0,-,
SIU/KL,Colostethus,inguinalis,Dendrobatidae,3,5,2004,Cascada,y,Bag #28; 5 Mar 04; Cascada,48906,skin scrape/EtOH,Batrachochytrium d.,0,-,
SIU/KL,Colostethus,inguinalis,Dendrobatidae,3,5,2004,Cascada,y,Bag #28; 5 Mar 04; Cascada,48907,skin scrape/EtOH,Batrachochytrium d.,0,-,
SIU/KL,Colostethus,inguinalis,Dendrobatidae,3,5,2004,Cascada,y,Bag #28; 5 Mar 04; Cascada,48908,skin scrape/EtOH,Batrachochytrium d.,0,-,
SIU/KL,Colostethus,inguinalis,Dendrobatidae,3,5,2004,Cascada,y,Bag #28; 5 Mar 04; Cascada,48909,skin scrape/EtOH,Batrachochytrium d.,0,-,
SIU/KL,Colostethus,inguinalis,Dendrobatidae,3,6,2004,Guabal,y,Bag #9; 6 Mar 04; Guabal,48728,skin scrape/EtOH,Batrachochytrium d.,0,-,
SIU/KL,Colostethus,inguinalis,Dendrobatidae,3,6,2004,Guabal,y,Bag #9; 6 Mar 04; Guabal,48729,skin scrape/EtOH,Batrachochytrium d.,0,-,
SIU/KL,Craugastor,azueroensis,Craugastoridae,3,5,2004,Cascada,y,Bag #29; 5 Mar 04; Cascada,48920,skin scrape/EtOH,Batrachochytrium d.,0,-,
SIU/KL,Craugastor,azueroensis,Craugastoridae,3,6,2004,Guabal,y,Bag #8; 6 Mar 04; Guabal,48721,skin scrape/EtOH,Batrachochytrium d.,0,-,
SIU/KL,Craugastor,azueroensis,Craugastoridae,3,6,2004,Guabal,y,Bag #8; 6 Mar 04; Guabal,48722,skin scrape/EtOH,Batrachochytrium d.,0,-,
SIU/KL,Craugastor,bransfordii,Craugastoridae,3,7,2004,Silencoisa,y,Bag #15; 7 Mar 04; Silenciosa,48781,skin scrape/EtOH,Batrachochytrium d.,0,-,"""trail"""
SIU/KL,Craugastor,crassidigitus,Craugastoridae,3,4,2004,LoopStream,y,Bag #21; 4 Mar 04; Loop Stream,48842,skin scrape/EtOH,Batrachochytrium d.,0,-,
SIU/KL,Craugastor,crassidigitus,Craugastoridae,3,5,2004,Cascada,y,Bag #29; 5 Mar 04; Cascada main trail,48921,skin scrape/EtOH,Batrachochytrium d.,0,-,
SIU/KL,Craugastor,crassidigitus,Craugastoridae,3,7,2004,Verrugosa,y,Bag #10; 7 Mar 04; Verrugosa,48737,skin scrape/EtOH,Batrachochytrium d.,0,-,
SIU/KL,Craugastor,crassidigitus,Craugastoridae,3,7,2004,Silencoisa,y,Bag #15; 7 Mar 04; Silenciosa,48774,skin scrape/EtOH,Batrachochytrium d.,0,-,"""trail"""
SIU/KL,Craugastor,crassidigitus,Craugastoridae,3,7,2004,Silencoisa,y,Bag #15; 7 Mar 04; Silenciosa,48775,skin scrape/EtOH,Batrachochytrium d.,0,-,"""trail"""
SIU/KL,Craugastor,crassidigitus,Craugastoridae,3,8,2004,LoopTrail,y,Bag #2;  8 March 04;  Loop Trail,48480,skin scrape/EtOH,Batrachochytrium d.,0,-,
SIU/KL,Craugastor,crassidigitus,Craugastoridae,3,8,2004,LoopTrail,y,Bag #2;  8 March 04;  Loop Trail,48481,skin scrape/EtOH,Batrachochytrium d.,0,-,
SIU/KL,Craugastor,crassidigitus,Craugastoridae,3,8,2004,LoopTrail,y,Bag #2;  8 March 04;  Loop Trail,48482,skin scrape/EtOH,Batrachochytrium d.,0,-,
SIU/KL,Craugastor,crassidigitus,Craugastoridae,7,17,2004,NA,n,7-17-04; Bag 19,49107,skin scrape/EtOH,Batrachochytrium d.,0,-,
SIU/KL,Craugastor,crassidigitus,Craugastoridae,7,20,2004,NA,n,A. piedra; 7-20-04;  Bag 10,49019,skin scrape/EtOH,Batrachochytrium d.,0,-,
SIU/KL,Craugastor,gollmeri,Craugastoridae,3,7,2004,Verrugosa,y,Bag #10; 7 Mar 04; Verrugosa,48739,skin scrape/EtOH,Batrachochytrium d.,0,-,
SIU/KL,Craugastor,megacephalus,Craugastoridae,3,7,2004,Silencoisa,y,Bag #15; 7 Mar 04; Silenciosa,48778,skin scrape/EtOH,Batrachochytrium d.,0,-,"""trail"""
SIU/KL,Craugastor,megacephalus,Craugastoridae,3,7,2004,Silencoisa,y,Bag #15; 7 Mar 04; Silenciosa,48779,skin scrape/EtOH,Batrachochytrium d.,0,-,"""trail"""
SIU/KL,Craugastor,punctariolus,Craugastoridae,3,4,2004,LoopStream,y,Bag #18; 4 Mar 04; Loop Stream,48802,skin scrape/EtOH,Batrachochytrium d.,0,-,
SIU/KL,Craugastor,punctariolus,Craugastoridae,3,4,2004,LoopStream,y,Bag #18; 4 Mar 04; Loop Stream,48803,skin scrape/EtOH,Batrachochytrium d.,0,-,
SIU/KL,Craugastor,punctariolus,Craugastoridae,3,5,2004,Cascada,y,Bag #27; 5 Mar 04; Cascada,48897,skin scrape/EtOH,Batrachochytrium d.,0,-,
SIU/KL,Craugastor,punctariolus,Craugastoridae,3,5,2004,Cascada,y,Bag #27; 5 Mar 04; Cascada,48896,skin scrape/EtOH,Batrachochytrium d.,0,-,
SIU/KL,Craugastor,punctariolus,Craugastoridae,3,5,2004,Cascada,y,Bag #27; 5 Mar 04; Cascada,48898,skin scrape/EtOH,Batrachochytrium d.,0,-,
SIU/KL,Craugastor,punctariolus,Craugastoridae,3,5,2004,Cascada,y,Bag #27; 5 Mar 04; Cascada,48899,skin scrape/EtOH,Batrachochytrium d.,0,-,
SIU/KL,Craugastor,punctariolus,Craugastoridae,3,5,2004,Cascada,y,Bag #27; 5 Mar 04; Cascada,48900,skin scrape/EtOH,Batrachochytrium d.,0,-,
SIU/KL,Craugastor,punctariolus,Craugastoridae,3,5,2004,Cascada,y,Bag #27; 5 Mar 04; Cascada,48901,skin scrape/EtOH,Batrachochytrium d.,0,-,
SIU/KL,Craugastor,punctariolus,Craugastoridae,3,5,2004,Cascada,y,Bag #27; 5 Mar 04; Cascada,48902,skin scrape/EtOH,Batrachochytrium d.,0,-,
SIU/KL,Craugastor,punctariolus,Craugastoridae,3,5,2004,Cascada,y,Bag #27; 5 Mar 04; Cascada,48895,skin scrape/EtOH,Batrachochytrium d.,0,-,
SIU/KL,Craugastor,punctariolus,Craugastoridae,3,6,2004,Guabal,y,Bag #7; 6 Mar 04; Guabal,48713,skin scrape/EtOH,Batrachochytrium d.,0,-,
SIU/KL,Craugastor,punctariolus,Craugastoridae,3,6,2004,Guabal,y,Bag #7; 6 Mar 04; Guabal,48714,skin scrape/EtOH,Batrachochytrium d.,0,-,
SIU/KL,Craugastor,punctariolus,Craugastoridae,3,6,2004,Guabal,y,Bag #7; 6 Mar 04; Guabal,48715,skin scrape/EtOH,Batrachochytrium d.,0,-,
SIU/KL,Craugastor,punctariolus,Craugastoridae,3,6,2004,Guabal,y,Bag #7; 6 Mar 04; Guabal,48716,skin scrape/EtOH,Batrachochytrium d.,0,-,
SIU/KL,Craugastor,punctariolus,Craugastoridae,3,6,2004,Guabal,y,Bag #7; 6 Mar 04; Guabal,48709,skin scrape/EtOH,Batrachochytrium d.,0,-,
SIU/KL,Craugastor,punctariolus,Craugastoridae,3,6,2004,Guabal,y,Bag #7; 6 Mar 04; Guabal,48710,skin scrape/EtOH,Batrachochytrium d.,0,-,
SIU/KL,Craugastor,talamanca,Craugastoridae,3,4,2004,LoopStream,y,Bag #20; 4 Mar 04; Loop Stream,48829,skin scrape/EtOH,Batrachochytrium d.,0,-,
SIU/KL,Craugastor,talamanca,Craugastoridae,3,4,2004,LoopStream,y,Bag #20; 4 Mar 04; Loop Stream,48830,skin scrape/EtOH,Batrachochytrium d.,0,-,
SIU/KL,Craugastor,talamanca,Craugastoridae,3,4,2004,LoopStream,y,Bag #20; 4 Mar 04; Loop Stream,48831,skin scrape/EtOH,Batrachochytrium d.,0,-,
SIU/KL,Craugastor,talamanca,Craugastoridae,3,6,2004,Guabal,y,Bag #8; 6 Mar 04; Guabal,48720,skin scrape/EtOH,Batrachochytrium d.,0,-,
SIU/KL,Craugastor,talamanca,Craugastoridae,3,8,2004,LoopTrail,y,Bag#4; 8 Mar 04; Loop Trail,48683,skin scrape/EtOH,Batrachochytrium d.,0,-,
SIU/KL,Craugastor,talamanca,Craugastoridae,3,8,2004,LoopTrail,y,Bag#4; 8 Mar 04; Loop Trail,48684,skin scrape/EtOH,Batrachochytrium d.,0,-,
SIU/KL,Dendrobades,auratus,Dendrobatidae,NA,NA,NA,NA,n,Bag 1;    9J,48941,skin scrape/EtOH,Batrachochytrium d.,0,-,
SIU/KL,Diasporus,diastema,Eleutherodactylidae,3,8,2004,LoopTrail,y,Bag #1;  8 March 04;  Loop Trail,48469,skin scrape/EtOH,Batrachochytrium d.,0,-,
SIU/KL,Diasporus,diastema,Eleutherodactylidae,3,8,2004,LoopTrail,y,Bag #1;  8 March 04;  Loop Trail,48470,skin scrape/EtOH,Batrachochytrium d.,0,-,
SIU/KL,Diasporus,diastema,Eleutherodactylidae,7,21,2004,NA,n,A. piedra; 7-21-04; Bag 10,49027,skin scrape/EtOH,Batrachochytrium d.,1,w+,
SIU/KL,Diasporus,diastema,Eleutherodactylidae,7,21,2004,NA,n,A. piedra; 7-21-04; Bag 10,49023,skin scrape/EtOH,Batrachochytrium d.,0,-,
SIU/KL,Diasporus,diastema,Eleutherodactylidae,7,21,2004,NA,n,A. piedra; 7-21-04; Bag 10,49025,skin scrape/EtOH,Batrachochytrium d.,1,w+,
SIU/KL,Espadarana,prosoblepon,Centrolenidae,3,4,2004,LoopStream,y,Bag #22; 4 Mar 04; Loop Stream,48844,skin scrape/EtOH,Batrachochytrium d.,0,-,
SIU/KL,Espadarana,prosoblepon,Centrolenidae,3,4,2004,LoopStream,y,Bag #22; 4 Mar 04; Loop Stream,48845,skin scrape/EtOH,Batrachochytrium d.,0,-,
SIU/KL,Espadarana,prosoblepon,Centrolenidae,3,4,2004,LoopStream,y,Bag #22; 4 Mar 04; Loop Stream,48846,skin scrape/EtOH,Batrachochytrium d.,0,-,
SIU/KL,Espadarana,prosoblepon,Centrolenidae,3,4,2004,LoopStream,y,Bag #22; 4 Mar 04; Loop Stream,48847,skin scrape/EtOH,Batrachochytrium d.,0,-,
SIU/KL,Espadarana,prosoblepon,Centrolenidae,3,4,2004,LoopStream,y,Bag #22; 4 Mar 04; Loop Stream,48848,skin scrape/EtOH,Batrachochytrium d.,0,-,
SIU/KL,Espadarana,prosoblepon,Centrolenidae,3,4,2004,LoopStream,y,Bag #22; 4 Mar 04; Loop Stream,48849,skin scrape/EtOH,Batrachochytrium d.,0,-,
SIU/KL,Espadarana,prosoblepon,Centrolenidae,3,4,2004,LoopStream,y,Bag #22; 4 Mar 04; Loop Stream,48850,skin scrape/EtOH,Batrachochytrium d.,0,-,
SIU/KL,Espadarana,prosoblepon,Centrolenidae,3,4,2004,LoopStream,y,Bag #22; 4 Mar 04; Loop Stream,48851,skin scrape/EtOH,Batrachochytrium d.,0,-,
SIU/KL,Espadarana,prosoblepon,Centrolenidae,3,4,2004,LoopStream,y,Bag #22; 4 Mar 04; Loop Stream,48852,skin scrape/EtOH,Batrachochytrium d.,0,-,
SIU/KL,Espadarana,prosoblepon,Centrolenidae,3,4,2004,LoopStream,y,Bag #19; 4 Mar 04; Loop Stream,48812,skin scrape/EtOH,Batrachochytrium d.,0,-,
SIU/KL,Espadarana,prosoblepon,Centrolenidae,3,4,2004,LoopStream,y,Bag #19; 4 Mar 04; Loop Stream,48813,skin scrape/EtOH,Batrachochytrium d.,0,-,
SIU/KL,Espadarana,prosoblepon,Centrolenidae,3,4,2004,LoopStream,y,Bag #19; 4 Mar 04; Loop Stream,48814,skin scrape/EtOH,Batrachochytrium d.,0,-,
SIU/KL,Espadarana,prosoblepon,Centrolenidae,3,4,2004,LoopStream,y,Bag #19; 4 Mar 04; Loop Stream,48817,skin scrape/EtOH,Batrachochytrium d.,0,-,
SIU/KL,Espadarana,prosoblepon,Centrolenidae,3,4,2004,LoopStream,y,Bag #19; 4 Mar 04; Loop Stream,48818,skin scrape/EtOH,Batrachochytrium d.,0,-,
SIU/KL,Espadarana,prosoblepon,Centrolenidae,3,4,2004,LoopStream,y,Bag #19; 4 Mar 04; Loop Stream,48819,skin scrape/EtOH,Batrachochytrium d.,0,-,
SIU/KL,Espadarana,prosoblepon,Centrolenidae,3,4,2004,LoopStream,y,Bag #19; 4 Mar 04; Loop Stream,48820,skin scrape/EtOH,Batrachochytrium d.,0,-,
SIU/KL,Espadarana,prosoblepon,Centrolenidae,3,4,2004,LoopStream,y,Bag #19; 4 Mar 04; Loop Stream,48821,skin scrape/EtOH,Batrachochytrium d.,0,-,
SIU/KL,Espadarana,prosoblepon,Centrolenidae,3,4,2004,LoopStream,y,Bag #19; 4 Mar 04; Loop Stream,48815,skin scrape/EtOH,Batrachochytrium d.,0,-,
SIU/KL,Espadarana,prosoblepon,Centrolenidae,3,4,2004,LoopStream,y,Bag #19; 4 Mar 04; Loop Stream,48816,skin scrape/EtOH,Batrachochytrium d.,0,-,
SIU/KL,Espadarana,prosoblepon,Centrolenidae,3,5,2004,Cascada,y,Bag #23; 5 Mar 04; Cascada,48859,skin scrape/EtOH,Batrachochytrium d.,0,-,
SIU/KL,Espadarana,prosoblepon,Centrolenidae,3,5,2004,Cascada,y,Bag #23; 5 Mar 04; Cascada,48860,skin scrape/EtOH,Batrachochytrium d.,0,-,
SIU/KL,Espadarana,prosoblepon,Centrolenidae,3,5,2004,Cascada,y,Bag #23; 5 Mar 04; Cascada,48861,skin scrape/EtOH,Batrachochytrium d.,0,-,
SIU/KL,Espadarana,prosoblepon,Centrolenidae,3,5,2004,Cascada,y,Bag #23; 5 Mar 04; Cascada,48862,skin scrape/EtOH,Batrachochytrium d.,0,-,
SIU/KL,Espadarana,prosoblepon,Centrolenidae,3,5,2004,Cascada,y,Bag #23; 5 Mar 04; Cascada,48863,skin scrape/EtOH,Batrachochytrium d.,0,-,
SIU/KL,Espadarana,prosoblepon,Centrolenidae,3,5,2004,Cascada,y,Bag #30; 5 Mar 04; Cascada,48922,skin scrape/EtOH,Batrachochytrium d.,0,-,
SIU/KL,Espadarana,prosoblepon,Centrolenidae,3,5,2004,Cascada,y,Bag #30; 5 Mar 04; Cascada,48924,skin scrape/EtOH,Batrachochytrium d.,0,-,
SIU/KL,Espadarana,prosoblepon,Centrolenidae,3,5,2004,Cascada,y,Bag #30; 5 Mar 04; Cascada,48925,skin scrape/EtOH,Batrachochytrium d.,0,-,
SIU/KL,Espadarana,prosoblepon,Centrolenidae,3,5,2004,Cascada,y,Bag #30; 5 Mar 04; Cascada,48926,skin scrape/EtOH,Batrachochytrium d.,0,-,
SIU/KL,Espadarana,prosoblepon,Centrolenidae,3,5,2004,Cascada,y,Bag #30; 5 Mar 04; Cascada,48927,skin scrape/EtOH,Batrachochytrium d.,0,-,
SIU/KL,Espadarana,prosoblepon,Centrolenidae,3,5,2004,Cascada,y,Bag #30; 5 Mar 04; Cascada,48928,skin scrape/EtOH,Batrachochytrium d.,0,-,
SIU/KL,Espadarana,prosoblepon,Centrolenidae,3,5,2004,Cascada,y,Bag #30; 5 Mar 04; Cascada,48929,skin scrape/EtOH,Batrachochytrium d.,0,-,
SIU/KL,Espadarana,prosoblepon,Centrolenidae,3,5,2004,Cascada,y,Bag #30; 5 Mar 04; Cascada,48923,skin scrape/EtOH,Batrachochytrium d.,0,-,
SIU/KL,Espadarana,prosoblepon,Centrolenidae,3,5,2004,Cascada,y,Bag #30; 5 Mar 04; Cascada,48930,skin scrape/EtOH,Batrachochytrium d.,0,-,
SIU/KL,Espadarana,prosoblepon,Centrolenidae,3,5,2004,Cascada,y,Bag #30; 5 Mar 04; Cascada,48931,skin scrape/EtOH,Batrachochytrium d.,0,-,
SIU/KL,Espadarana,prosoblepon,Centrolenidae,3,6,2004,Guabal,y,Bag #9; 6 Mar 04; Guabal,48725,skin scrape/EtOH,Batrachochytrium d.,0,-,
SIU/KL,Espadarana,prosoblepon,Centrolenidae,3,6,2004,Guabal,y,Bag #9; 6 Mar 04; Guabal,48726,skin scrape/EtOH,Batrachochytrium d.,0,-,
SIU/KL,Espadarana,prosoblepon,Centrolenidae,3,6,2004,Guabal,y,Bag #9; 6 Mar 04; Guabal,48727,skin scrape/EtOH,Batrachochytrium d.,0,-,
SIU/KL,Espadarana,prosoblepon,Centrolenidae,3,6,2004,LoopStream,y,Bag #22; 6 Mar 04; Loop Stream,48853,skin scrape/EtOH,Batrachochytrium d.,0,-,
SIU/KL,Espadarana,prosoblepon,Centrolenidae,3,7,2004,Silencoisa,y,Bag #12; 7 Mar 04; Silenciosa,48751,skin scrape/EtOH,Batrachochytrium d.,0,-,"""trail"""
SIU/KL,Espadarana,prosoblepon,Centrolenidae,3,7,2004,Silencoisa,y,Bag #12; 7 Mar 04; Silenciosa,48749,skin scrape/EtOH,Batrachochytrium d.,0,-,
SIU/KL,Espadarana,prosoblepon,Centrolenidae,3,7,2004,Silencoisa,y,Bag #12; 7 Mar 04; Silenciosa,48750,skin scrape/EtOH,Batrachochytrium d.,0,-,
SIU/KL,Espadarana,prosoblepon,Centrolenidae,3,7,2004,Silencoisa,y,Bag #12; 7 Mar 04; Silenciosa,48753,skin scrape/EtOH,Batrachochytrium d.,0,-,
SIU/KL,Espadarana,prosoblepon,Centrolenidae,3,7,2004,Silencoisa,y,Bag #12; 7 Mar 04; Silenciosa,48752,skin scrape/EtOH,Batrachochytrium d.,0,-,
SIU/KL,Espadarana,prosoblepon,Centrolenidae,3,8,2004,LoopTrail,y,Bag #2;  8 March 04;  Loop Trail,48478,skin scrape/EtOH,Batrachochytrium d.,0,-,
SIU/KL,Espadarana,prosoblepon,Centrolenidae,3,8,2004,LoopTrail,y,Bag #2;  8 March 04;  Loop Trail,48479,skin scrape/EtOH,Batrachochytrium d.,0,-,
SIU/KL,Hylomantis,lemur,Hylidae,3,7,2004,Silencoisa,y,Bag #16; 7 Mar 04; Silenciosa; Seep,48784,skin scrape/EtOH,Batrachochytrium d.,0,-,
SIU/KL,Hylomantis,lemur,Hylidae,3,7,2004,Silencoisa,y,Bag #16; 7 Mar 04; Silenciosa; Seep,48785,skin scrape/EtOH,Batrachochytrium d.,0,-,
SIU/KL,Hylomantis,lemur,Hylidae,3,7,2004,Silencoisa,y,Bag #16; 7 Mar 04; Silenciosa; Seep,48786,skin scrape/EtOH,Batrachochytrium d.,0,-,"""new"""
SIU/KL,Hylomantis,lemur,Hylidae,3,19,2004,Silencoisa,y,Bag #16; 7 Mar 04; Silenciosa;,48787,skin scrape/EtOH,Batrachochytrium d.,0,-,
SIU/KL,Hyloscirtus,palmeri,Hylidae,7,19,2004,NA,n,Stream 2 (up); Bag 6; Santa Fe; 7-19-04,48987,skin swab/EtOH,Batrachochytrium d.,0,-,dry culture tube with skin swab; added approx. 3mL 70% EtOH
SIU/KL,Hyloscirtus,palmeri,Hylidae,7,19,2004,NA,n,Bag 6; 7-19-04,48983,skin scrape/EtOH,Batrachochytrium d.,0,-,
SIU/KL,Hyloscirtus,palmeri,Hylidae,NA,NA,NA,NA,n,Bag 6,48984,skin scrape/EtOH,Batrachochytrium d.,0,-,
SIU/KL,Pristimantis,caryophyllaceus,Strabomantidae,3,5,2004,Cascada,y,Bag #29; 5 Mar 04; Cascada,48919,skin scrape/EtOH,Batrachochytrium d.,0,-,
SIU/KL,Pristimantis,caryophyllaceus,Strabomantidae,3,7,2004,Silencoisa,y,Bag #15; 7 Mar 04; Silenciosa,48783,skin scrape/EtOH,Batrachochytrium d.,0,-,"""seep"""
SIU/KL,Pristimantis,cerasinus,Strabomantidae,3,8,2004,LoopTrail,y,Bag #1;  8 March 04;  Loop Trail,48471,skin scrape/EtOH,Batrachochytrium d.,0,-,
SIU/KL,Pristimantis,cerasinus,Strabomantidae,3,8,2004,LoopTrail,y,Bag #1;  8 March 04;  Loop Trail,48472,skin scrape/EtOH,Batrachochytrium d.,0,-,
SIU/KL,Pristimantis,cruentus,Strabomantidae,3,4,2004,LoopStream,y,Bag #18; 4 Mar 04; Loop Stream,48804,skin scrape/EtOH,Batrachochytrium d.,0,-,
SIU/KL,Pristimantis,cruentus,Strabomantidae,3,4,2004,LoopStream,y,Bag #18; 4 Mar 04; Loop Stream,48805,skin scrape/EtOH,Batrachochytrium d.,0,-,
SIU/KL,Pristimantis,cruentus,Strabomantidae,3,4,2004,LoopStream,y,Bag #18; 4 Mar 04; Loop Stream,48806,skin scrape/EtOH,Batrachochytrium d.,0,-,
SIU/KL,Pristimantis,cruentus,Strabomantidae,3,4,2004,LoopStream,y,Bag #18; 4 Mar 04; Loop Stream,48807,skin scrape/EtOH,Batrachochytrium d.,0,-,
SIU/KL,Pristimantis,cruentus,Strabomantidae,3,4,2004,LoopStream,y,Bag #18; 4 Mar 04; Loop Stream,48808,skin scrape/EtOH,Batrachochytrium d.,0,-,
SIU/KL,Pristimantis,cruentus,Strabomantidae,3,4,2004,LoopStream,y,Bag #18; 4 Mar 04; Loop Stream,48809,skin scrape/EtOH,Batrachochytrium d.,0,-,
SIU/KL,Pristimantis,cruentus,Strabomantidae,3,4,2004,LoopStream,y,Bag #18; 4 Mar 04; Loop Stream,48810,skin scrape/EtOH,Batrachochytrium d.,0,-,
SIU/KL,Pristimantis,cruentus,Strabomantidae,3,4,2004,LoopStream,y,Bag #18; 4 Mar 04; Loop Stream,48811,skin scrape/EtOH,Batrachochytrium d.,0,-,
SIU/KL,Pristimantis,cruentus,Strabomantidae,3,5,2004,Cascada,y,Bag #25; 5 Mar 04; Cascada,48876,skin scrape/EtOH,Batrachochytrium d.,0,-,
SIU/KL,Pristimantis,cruentus,Strabomantidae,3,5,2004,Cascada,y,Bag #25; 5 Mar 04; Cascada,48877,skin scrape/EtOH,Batrachochytrium d.,0,-,
SIU/KL,Pristimantis,cruentus,Strabomantidae,3,5,2004,Cascada,y,Bag #25; 5 Mar 04; Cascada,48878,skin scrape/EtOH,Batrachochytrium d.,0,-,
SIU/KL,Pristimantis,cruentus,Strabomantidae,3,5,2004,Cascada,y,Bag #25; 5 Mar 04; Cascada,48879,skin scrape/EtOH,Batrachochytrium d.,0,-,
SIU/KL,Pristimantis,cruentus,Strabomantidae,3,5,2004,Cascada,y,Bag #25; 5 Mar 04; Cascada,48880,skin scrape/EtOH,Batrachochytrium d.,0,-,
SIU/KL,Pristimantis,cruentus,Strabomantidae,3,5,2004,Cascada,y,Bag #25; 5 Mar 04; Cascada,48881,skin scrape/EtOH,Batrachochytrium d.,0,-,
SIU/KL,Pristimantis,cruentus,Strabomantidae,3,5,2004,Cascada,y,Bag #25; 5 Mar 04; Cascada,48882,skin scrape/EtOH,Batrachochytrium d.,0,-,
SIU/KL,Pristimantis,cruentus,Strabomantidae,3,5,2004,Cascada,y,Bag #25; 5 Mar 04; Cascada,48883,skin scrape/EtOH,Batrachochytrium d.,0,-,
SIU/KL,Pristimantis,cruentus,Strabomantidae,3,5,2004,Cascada,y,Bag #25; 5 Mar 04; Cascada,48884,skin scrape/EtOH,Batrachochytrium d.,0,-,
SIU/KL,Pristimantis,cruentus,Strabomantidae,3,5,2004,Cascada,y,Bag # 26; 5 Mar 04; Cascada,48885,skin scrape/EtOH,Batrachochytrium d.,0,-,
SIU/KL,Pristimantis,cruentus,Strabomantidae,3,5,2004,Cascada,y,Bag # 26; 5 Mar 04; Cascada,48886,skin scrape/EtOH,Batrachochytrium d.,0,-,
SIU/KL,Pristimantis,cruentus,Strabomantidae,3,5,2004,Cascada,y,Bag # 26; 5 Mar 04; Cascada,48887,skin scrape/EtOH,Batrachochytrium d.,0,-,
SIU/KL,Pristimantis,cruentus,Strabomantidae,3,5,2004,Cascada,y,Bag # 26; 5 Mar 04; Cascada,48888,skin scrape/EtOH,Batrachochytrium d.,0,-,
SIU/KL,Pristimantis,cruentus,Strabomantidae,3,5,2004,Cascada,y,Bag # 26; 5 Mar 04; Cascada,48889,skin scrape/EtOH,Batrachochytrium d.,0,-,
SIU/KL,Pristimantis,cruentus,Strabomantidae,3,5,2004,Cascada,y,Bag # 26; 5 Mar 04; Cascada,48890,skin scrape/EtOH,Batrachochytrium d.,0,-,
SIU/KL,Pristimantis,cruentus,Strabomantidae,3,5,2004,Cascada,y,Bag # 26; 5 Mar 04; Cascada,48891,skin scrape/EtOH,Batrachochytrium d.,0,-,
SIU/KL,Pristimantis,cruentus,Strabomantidae,3,5,2004,Cascada,y,Bag # 26; 5 Mar 04; Cascada,48892,skin scrape/EtOH,Batrachochytrium d.,0,-,
SIU/KL,Pristimantis,cruentus,Strabomantidae,3,5,2004,Cascada,y,Bag # 26; 5 Mar 04; Cascada,48893,skin scrape/EtOH,Batrachochytrium d.,0,-,
SIU/KL,Pristimantis,cruentus,Strabomantidae,3,5,2004,Cascada,y,Bag # 26; 5 Mar 04; Cascada,48894,skin scrape/EtOH,Batrachochytrium d.,0,-,
SIU/KL,Pristimantis,cruentus,Strabomantidae,3,5,2004,Cascada,y,Bag #29; 5 Mar 04; Cascada,48912,skin scrape/EtOH,Batrachochytrium d.,0,-,
SIU/KL,Pristimantis,cruentus,Strabomantidae,3,5,2004,Cascada,y,Bag #29; 5 Mar 04; Cascada,48913,skin scrape/EtOH,Batrachochytrium d.,0,-,
SIU/KL,Pristimantis,cruentus,Strabomantidae,3,5,2004,Cascada,y,Bag #29; 5 Mar 04; Cascada,48914,skin scrape/EtOH,Batrachochytrium d.,0,-,
SIU/KL,Pristimantis,cruentus,Strabomantidae,3,5,2004,Cascada,y,Bag #29; 5 Mar 04; Cascada,48915,skin scrape/EtOH,Batrachochytrium d.,0,-,
SIU/KL,Pristimantis,cruentus,Strabomantidae,3,5,2004,Cascada,y,Bag #29; 5 Mar 04; Cascada,48916,skin scrape/EtOH,Batrachochytrium d.,0,-,
SIU/KL,Pristimantis,cruentus,Strabomantidae,3,5,2004,Cascada,y,Bag #25; 5 Mar 04; Cascada,48875,skin scrape/EtOH,Batrachochytrium d.,0,-,
SIU/KL,Pristimantis,cruentus,Strabomantidae,3,6,2004,Guabal,y,Bag #6; 6 Mar 04; Guabal,48696,skin scrape/EtOH,Batrachochytrium d.,0,-,
SIU/KL,Pristimantis,cruentus,Strabomantidae,3,6,2004,Guabal,y,Bag #6; 6 Mar 04; Guabal,48697,skin scrape/EtOH,Batrachochytrium d.,0,-,
SIU/KL,Pristimantis,cruentus,Strabomantidae,3,6,2004,Guabal,y,Bag #6; 6 Mar 04; Guabal,48698,skin scrape/EtOH,Batrachochytrium d.,0,-,
SIU/KL,Pristimantis,cruentus,Strabomantidae,3,6,2004,Guabal,y,Bag #6; 6 Mar 04; Guabal,48699,skin scrape/EtOH,Batrachochytrium d.,0,-,
SIU/KL,Pristimantis,cruentus,Strabomantidae,3,6,2004,Guabal,y,Bag #6; 6 Mar 04; Guabal,48700,skin scrape/EtOH,Batrachochytrium d.,0,-,
SIU/KL,Pristimantis,cruentus,Strabomantidae,3,6,2004,Guabal,y,Bag #6; 6 Mar 04; Guabal,48701,skin scrape/EtOH,Batrachochytrium d.,0,-,
SIU/KL,Pristimantis,cruentus,Strabomantidae,3,7,2004,Verrugosa,y,Bag #10; 7 Mar 04; Verrugosa,48735,skin scrape/EtOH,Batrachochytrium d.,0,-,
SIU/KL,Pristimantis,cruentus,Strabomantidae,3,7,2004,Verrugosa,y,Bag #10; 7 Mar 04; Verrugosa,48736,skin scrape/EtOH,Batrachochytrium d.,0,-,
SIU/KL,Pristimantis,cruentus,Strabomantidae,3,7,2004,Silencoisa,y,Bag #13; 7 Mar 04; Silenciosa,48754,skin scrape/EtOH,Batrachochytrium d.,0,-,
SIU/KL,Pristimantis,cruentus,Strabomantidae,3,7,2004,Silencoisa,y,Bag #13; 7 Mar 04; Silenciosa,48755,skin scrape/EtOH,Batrachochytrium d.,0,-,
SIU/KL,Pristimantis,cruentus,Strabomantidae,3,7,2004,Silencoisa,y,Bag #13; 7 Mar 04; Silenciosa,48756,skin scrape/EtOH,Batrachochytrium d.,0,-,
SIU/KL,Pristimantis,cruentus,Strabomantidae,3,7,2004,Silencoisa,y,Bag #13; 7 Mar 04; Silenciosa,48757,skin scrape/EtOH,Batrachochytrium d.,0,-,
SIU/KL,Pristimantis,cruentus,Strabomantidae,3,7,2004,Silencoisa,y,Bag #13; 7 Mar 04; Silenciosa,48758,skin scrape/EtOH,Batrachochytrium d.,0,-,
SIU/KL,Pristimantis,cruentus,Strabomantidae,3,7,2004,Silencoisa,y,Bag #13; 7 Mar 04; Silenciosa,48759,skin scrape/EtOH,Batrachochytrium d.,0,-,
SIU/KL,Pristimantis,cruentus,Strabomantidae,3,7,2004,Silencoisa,y,Bag #13; 7 Mar 04; Silenciosa,48760,skin scrape/EtOH,Batrachochytrium d.,0,-,
SIU/KL,Pristimantis,cruentus,Strabomantidae,3,7,2004,Silencoisa,y,Bag #13; 7 Mar 04; Silenciosa,48761,skin scrape/EtOH,Batrachochytrium d.,0,-,
SIU/KL,Pristimantis,cruentus,Strabomantidae,3,7,2004,Silencoisa,y,Bag #13; 7 Mar 04; Silenciosa,48762,skin scrape/EtOH,Batrachochytrium d.,0,-,
SIU/KL,Pristimantis,cruentus,Strabomantidae,3,7,2004,Silencoisa,y,Bag #13; 7 Mar 04; Silenciosa,48763,skin scrape/EtOH,Batrachochytrium d.,0,-,
SIU/KL,Pristimantis,cruentus,Strabomantidae,3,7,2004,Silencoisa,y,Bag #14; 7 Mar 04; Silenciosa,48769,skin scrape/EtOH,Batrachochytrium d.,0,-,
SIU/KL,Pristimantis,cruentus,Strabomantidae,3,7,2004,Silencoisa,y,Bag #14; 7 Mar 04; Silenciosa,48770,skin scrape/EtOH,Batrachochytrium d.,0,-,
SIU/KL,Pristimantis,cruentus,Strabomantidae,3,7,2004,Silencoisa,y,Bag #14; 7 Mar 04; Silenciosa,48771,skin scrape/EtOH,Batrachochytrium d.,0,-,
SIU/KL,Pristimantis,cruentus,Strabomantidae,3,7,2004,Silencoisa,y,Bag #14; 7 Mar 04; Silenciosa,48772,skin scrape/EtOH,Batrachochytrium d.,0,-,
SIU/KL,Pristimantis,cruentus,Strabomantidae,3,7,2004,Silencoisa,y,Bag #14; 7 Mar 04; Silenciosa,48773,skin scrape/EtOH,Batrachochytrium d.,0,-,
SIU/KL,Pristimantis,cruentus,Strabomantidae,3,8,2004,LoopTrail,y,Bag #3;  8 March 04;  Loop Trail,48484,skin scrape/EtOH,Batrachochytrium d.,0,-,
SIU/KL,Pristimantis,cruentus,Strabomantidae,3,8,2004,LoopTrail,y,Bag #3;  8 March 04;  Loop Trail,48485,skin scrape/EtOH,Batrachochytrium d.,0,-,
SIU/KL,Pristimantis,cruentus,Strabomantidae,3,8,2004,LoopTrail,y,Bag #3;  8 March 04;  Loop Trail,48486,skin scrape/EtOH,Batrachochytrium d.,0,-,
SIU/KL,Pristimantis,cruentus,Strabomantidae,3,8,2004,LoopTrail,y,Bag #3;  8 March 04;  Loop Trail,48487,skin scrape/EtOH,Batrachochytrium d.,0,-,
SIU/KL,Pristimantis,cruentus,Strabomantidae,3,8,2004,LoopTrail,y,Bag #3;  8 March 04;  Loop Trail,48488,skin scrape/EtOH,Batrachochytrium d.,0,-,
SIU/KL,Pristimantis,cruentus,Strabomantidae,3,8,2004,LoopTrail,y,Bag #3;  8 March 04;  Loop Trail,48489,skin scrape/EtOH,Batrachochytrium d.,0,-,
SIU/KL,Pristimantis,cruentus,Strabomantidae,3,8,2004,LoopTrail,y,Bag #3;  8 March 04;  Loop Trail,48490,skin scrape/EtOH,Batrachochytrium d.,0,-,
SIU/KL,Pristimantis,cruentus,Strabomantidae,3,8,2004,LoopTrail,y,Bag #2;  8 March 04;  Loop Trail,48483,skin scrape/EtOH,Batrachochytrium d.,0,-,
SIU/KL,Pristimantis,museosus,Strabomantidae,3,4,2004,LoopStream,y,Bag #21; 4 Mar 04; Loop Stream,48840,skin scrape/EtOH,Batrachochytrium d.,0,-,
SIU/KL,Pristimantis,museosus,Strabomantidae,3,5,2004,Cascada,y,Bag #29; 5 Mar 04; Cascada,48918,skin scrape/EtOH,Batrachochytrium d.,0,-,
SIU/KL,Pristimantis,museosus,Strabomantidae,3,6,2004,Guabal,y,Bag #8; 6 Mar 04; Guabal,48717,skin scrape/EtOH,Batrachochytrium d.,0,-,
SIU/KL,Pristimantis,museosus,Strabomantidae,3,6,2004,Guabal,y,Bag #8; 6 Mar 04; Guabal,48718,skin scrape/EtOH,Batrachochytrium d.,0,-,
SIU/KL,Pristimantis,museosus,Strabomantidae,3,7,2004,Silencoisa,y,Bag #14; 7 Mar 04; Silenciosa,48764,skin scrape/EtOH,Batrachochytrium d.,0,-,"""bad leg"""
SIU/KL,Pristimantis,museosus,Strabomantidae,3,7,2004,Silencoisa,y,Bag #14; 7 Mar 04; Silenciosa,48765,skin scrape/EtOH,Batrachochytrium d.,0,-,"""trail"""
SIU/KL,Pristimantis,museosus,Strabomantidae,3,7,2004,Silencoisa,y,Bag #14; 7 Mar 04; Silenciosa,48766,skin scrape/EtOH,Batrachochytrium d.,0,-,
SIU/KL,Pristimantis,museosus,Strabomantidae,3,7,2004,Silencoisa,y,Bag #14; 7 Mar 04; Silenciosa,48767,skin scrape/EtOH,Batrachochytrium d.,0,-,
SIU/KL,Pristimantis,museosus,Strabomantidae,3,7,2004,Silencoisa,y,Bag #14; 7 Mar 04; Silenciosa,48768,skin scrape/EtOH,Batrachochytrium d.,0,-,
SIU/KL,Pristimantis,museosus,Strabomantidae,3,7,2004,Silencoisa,y,Bag #15; 7 Mar 04; Silenciosa,48782,skin scrape/EtOH,Batrachochytrium d.,0,-,
SIU/KL,Pristimantis,paradalis,Strabomantidae,3,8,2004,LoopTrail,y,Bag #3;  8 March 04;  Loop Trail,48674,skin scrape/EtOH,Batrachochytrium d.,0,-,
SIU/KL,Pristimantis,paradalis,Strabomantidae,3,8,2004,LoopTrail,y,Bag #3;  8 March 04;  Loop Trail,48491,skin scrape/EtOH,Batrachochytrium d.,0,-,
SIU/KL,Rana,warszewitschii,Ranidae,7,19,2004,NA,n,7-19-04; Bag 8,49005,skin scrape/EtOH,Batrachochytrium d.,1,+++,
SIU/KL,Rana,warszewitschii,Ranidae,7,19,2004,NA,n,Stream 3 (down);         7-19-04; Bag 7,48989,skin swab/EtOH,Batrachochytrium d.,0,-,dry culture tube with skin swab; added approx. 3mL 70% EtOH
SIU/KL,Rana,warszewitschii,Ranidae,7,19,2004,NA,n,Stream 3 (down);         7-19-04; Bag 7,48990,skin swab/EtOH,Batrachochytrium d.,0,-,dry culture tube with skin swab; added approx. 3mL 70% EtOH
SIU/KL,Rana,warszewitschii,Ranidae,7,19,2004,NA,n,Sta Fe; 7-19-04; Bag 7,48991,skin swab/EtOH,Batrachochytrium d.,0,-,dry culture tube with skin swab; added approx. 3mL 70% EtOH
SIU/KL,Rana,warszewitschii,Ranidae,7,19,2004,NA,n,Sta Fe; Stream 3(up);  7-19-04; Bag 7,48992,skin swab/EtOH,Batrachochytrium d.,0,-,dry culture tube with skin swab; added approx. 3mL 70% EtOH
SIU/KL,Rana,warszewitschii,Ranidae,7,19,2004,NA,n,Sta Fe; Stream 3(up);  7-19-04; Bag 7,48993,skin swab/EtOH,Batrachochytrium d.,0,-,dry culture tube with skin swab; added approx. 3mL 70% EtOH
SIU/KL,Rana,warszewitschii,Ranidae,7,19,2004,NA,n,Sta Fe; Stream 3(up);  7-19-04; Bag 7,48994,skin swab/EtOH,Batrachochytrium d.,0,-,dry culture tube with skin swab; added approx. 3mL 70% EtOH
SIU/KL,Rana,warszewitschii,Ranidae,7,19,2004,NA,n,Sta Fe; Stream 3(up);  7-19-04; Bag 7,48995,skin swab/EtOH,Batrachochytrium d.,0,-,dry culture tube with skin swab; added approx. 3mL 70% EtOH
SIU/KL,Rana,warszewitschii,Ranidae,7,19,2004,NA,n,Sta Fe; Stream 3(up);  7-19-04; Bag 7,48996,skin swab/EtOH,Batrachochytrium d.,1,w+,dry culture tube with skin swab; added approx. 3mL 70% EtOH
SIU/KL,Rana,warszewitschii,Ranidae,7,19,2004,NA,n,Sta Fe; Stream 3(up);  7-19-04; Bag 7,48997,skin swab/EtOH,Batrachochytrium d.,1,+,dry culture tube with skin swab; added approx. 3mL 70% EtOH
SIU/KL,Rana,warszewitschii,Ranidae,7,19,2004,NA,n,Sta Fe; Stream 3(up);  7-19-04; Bag 7,48998,skin swab/EtOH,Batrachochytrium d.,0,-,dry culture tube with skin swab; added approx. 3mL 70% EtOH
SIU/KL,Rana,warszewitschii,Ranidae,7,19,2004,NA,n,Santa Fe; Stream 3; 19 July 04; Bag 8,48999,skin swab/EtOH,Batrachochytrium d.,0,-,dry culture tube with skin swab; added approx. 3mL 70% EtOH
SIU/KL,Rana,warszewitschii,Ranidae,7,19,2004,NA,n,Santa Fe; Stream 3(down); 19 July 04; Bag 8,49000,skin swab/EtOH,Batrachochytrium d.,0,-,dry culture tube with skin swab; added approx. 3mL 70% EtOH
SIU/KL,Rana,warszewitschii,Ranidae,7,19,2004,NA,n,Santa Fe; Stream 3(down); 19 July 04; Bag 8,49001,skin swab/EtOH,Batrachochytrium d.,0,-,dry culture tube with skin swab; added approx. 3mL 70% EtOH
SIU/KL,Rana,warszewitschii,Ranidae,7,19,2004,NA,n,Sta; Stream 3(down); 7-19-04; bag 8,49003,skin swab/EtOH,Batrachochytrium d.,0,-,dry culture tube with skin swab; added approx. 3mL 70% EtOH
SIU/KL,Rana,warszewitschii,Ranidae,7,25,2004,NA,n,7/25/2004; Bag 20,49116,skin scrape/EtOH,Batrachochytrium d.,1,++,
SIU/KL,Rana,warszewitschii,Ranidae,7,25,2004,NA,n,7/25/2004; Bag 20,49117,skin scrape/EtOH,Batrachochytrium d.,1,++,
SIU/KL,Rana,warszewitschii,Ranidae,NA,NA,NA,NA,n,Bag 6,48980,skin scrape/EtOH,Batrachochytrium d.,0,-,
SIU/KL,Rana,warszewitschii,Ranidae,NA,NA,NA,NA,n,Bag 6,48985,skin scrape/EtOH,Batrachochytrium d.,0,-,
SIU/KL,Rana,warszewitschii,Ranidae,NA,NA,NA,NA,n,Bag 8,49002,skin swab/EtOH,Batrachochytrium d.,0,-,dry culture tube with skin swab; added approx. 3mL 70% EtOH
SIU/KL,Rana,warszewitschii,Ranidae,NA,NA,NA,NA,n,Bag 6,48986,skin scrape/EtOH,Batrachochytrium d.,1,+,
SIU/KL,Rana,warszewitschii,Ranidae,NA,NA,NA,NA,n,Bag 8,49004,skin swab/EtOH,Batrachochytrium d.,0,-,dry culture tube with skin swab; added approx. 3mL 70% EtOH
SIU/KL,Sachatamia,albomaculata,Centrolenidae,3,5,2004,Cascada,y,Bag #23; 5 Mar 04; Cascada,48857,skin scrape/EtOH,Batrachochytrium d.,0,-,
SIU/KL,Sachatamia,albomaculata,Centrolenidae,3,6,2004,Guabal,y,Bag #6; 6 Mar 04; Guabal,48702,skin scrape/EtOH,Batrachochytrium d.,0,-,
SIU/KL,Sachatamia,albomaculata,Centrolenidae,3,6,2004,Guabal,y,Bag #6; 6 Mar 04; Guabal,48703,skin scrape/EtOH,Batrachochytrium d.,0,-,
SIU/KL,Sachatamia,albomaculata,Centrolenidae,3,6,2004,Guabal,y,Bag #6; 6 Mar 04; Guabal,48704,skin scrape/EtOH,Batrachochytrium d.,0,-,
SIU/KL,Sachatamia,albomaculata,Centrolenidae,3,6,2004,Guabal,y,Bag #6; 6 Mar 04; Guabal,48705,skin scrape/EtOH,Batrachochytrium d.,0,-,
SIU/KL,Sachatamia,albomaculata,Centrolenidae,3,6,2004,Guabal,y,Bag #6; 6 Mar 04; Guabal,48706,skin scrape/EtOH,Batrachochytrium d.,0,-,
SIU/KL,Sachatamia,albomaculata,Centrolenidae,3,7,2004,Silencoisa,y,Bag #15; 7 Mar 04; Silenciosa,48776,skin scrape/EtOH,Batrachochytrium d.,0,-,
SIU/KL,Sachatamia,albomaculata,Centrolenidae,3,7,2004,Silencoisa,y,Bag #15; 7 Mar 04; Silenciosa,48777,skin scrape/EtOH,Batrachochytrium d.,0,-,
SIU/KL,Sachatamia,albomaculata,Centrolenidae,7,19,2004,NA,n,Stream 3; Bag 6; 7-19-04,48981,skin scrape/EtOH,Batrachochytrium d.,0,-,
SIU/KL,Sachatamia,albomaculata,Centrolenidae,7,19,2004,NA,n,Bag 6; 7-19-04,48982,skin scrape/EtOH,Batrachochytrium d.,0,-,
SIU/KL,Sachatamia,ilex,Centrolenidae,3,5,2004,Cascada,y,Bag #23; 5 Mar 04; Cascada,48858,skin scrape/EtOH,Batrachochytrium d.,0,-,
SIU/KL,Sachatamia,ilex,Centrolenidae,3,6,2004,Guabal,y,Bag #7; 6 Mar 04; Guabal,48711,skin scrape/EtOH,Batrachochytrium d.,0,-,
SIU/KL,Sachatamia,ilex,Centrolenidae,3,6,2004,Guabal,y,Bag #7; 6 Mar 04; Guabal,48712,skin scrape/EtOH,Batrachochytrium d.,0,-,
SIU/KL,Sachatamia,ilex,Centrolenidae,3,7,2004,Silencoisa,y,Bag #12; 7 Mar 04; Silenciosa,48744,skin scrape/EtOH,Batrachochytrium d.,0,-,
SIU/KL,Sachatamia,ilex,Centrolenidae,3,7,2004,Silencoisa,y,Bag #12; 7 Mar 04; Silenciosa,48745,skin scrape/EtOH,Batrachochytrium d.,0,-,
SIU/KL,Sachatamia,ilex,Centrolenidae,3,7,2004,Silencoisa,y,Bag #12; 7 Mar 04; Silenciosa,48746,skin scrape/EtOH,Batrachochytrium d.,0,-,
SIU/KL,Sachatamia,ilex,Centrolenidae,3,7,2004,Silencoisa,y,Bag #12; 7 Mar 04; Silenciosa,48747,skin scrape/EtOH,Batrachochytrium d.,0,-,
SIU/KL,Sachatamia,ilex,Centrolenidae,3,7,2004,Silencoisa,y,Bag #12; 7 Mar 04; Silenciosa,48748,skin scrape/EtOH,Batrachochytrium d.,0,-,
SIU/KL,Silverstonia,flotator,Dendrobatidae,3,5,2004,Cascada,y,Bag #24; 5 Mar 04; Cascada,48864,skin scrape/EtOH,Batrachochytrium d.,0,-,
SIU/KL,Silverstonia,flotator,Dendrobatidae,3,6,2004,Cascada,y,Bag #24; 6 Mar 04; Cascada; Main trail,48865,skin scrape/EtOH,Batrachochytrium d.,0,-,
SIU/KL,Silverstonia,flotator,Dendrobatidae,3,6,2004,Cascada,y,Bag #24; 6 Mar 04; Cascada; Main trail,48866,skin scrape/EtOH,Batrachochytrium d.,0,-,
SIU/KL,Silverstonia,flotator,Dendrobatidae,3,6,2004,Cascada,y,Bag #24; 6 Mar 04; Cascada; Main trail,48867,skin scrape/EtOH,Batrachochytrium d.,0,-,
SIU/KL,Silverstonia,flotator,Dendrobatidae,3,7,2004,Verrugosa,y,Bag #10; 7 Mar 04; Verrugosa,48738,skin scrape/EtOH,Batrachochytrium d.,0,-,
SIU/KL,Silverstonia,nubicola,Dendrobatidae,3,4,2004,LoopStream,y,Bag #21; 4 Mar 04; Loop Stream,48837,skin scrape/EtOH,Batrachochytrium d.,0,-,
SIU/KL,Silverstonia,nubicola,Dendrobatidae,3,4,2004,LoopStream,y,Bag #21; 4 Mar 04; Loop Stream,48838,skin scrape/EtOH,Batrachochytrium d.,0,-,"""220m"""
SIU/KL,Silverstonia,nubicola,Dendrobatidae,3,4,2004,LoopStream,y,Bag #21; 4 Mar 04; Loop Stream,48839,skin scrape/EtOH,Batrachochytrium d.,0,-,
SIU/KL,Silverstonia,nubicola,Dendrobatidae,3,5,2004,Cascada,y,Bag #24; 5 Mar 04; Cascada,48874,skin scrape/EtOH,Batrachochytrium d.,0,-,
SIU/KL,Silverstonia,nubicola,Dendrobatidae,3,5,2004,Cascada,y,Bag #24; 5 Mar 04; Cascada,48873,skin scrape/EtOH,Batrachochytrium d.,0,-,
SIU/KL,Silverstonia,nubicola,Dendrobatidae,3,5,2004,Cascada,y,Bag #24; 5 Mar 04; Cascada,48868,skin scrape/EtOH,Batrachochytrium d.,0,-,
SIU/KL,Silverstonia,nubicola,Dendrobatidae,3,5,2004,Cascada,y,Bag #24; 5 Mar 04; Cascada,48869,skin scrape/EtOH,Batrachochytrium d.,0,-,
SIU/KL,Silverstonia,nubicola,Dendrobatidae,3,5,2004,Cascada,y,Bag #24; 5 Mar 04; Cascada,48870,skin scrape/EtOH,Batrachochytrium d.,0,-,
SIU/KL,Silverstonia,nubicola,Dendrobatidae,3,5,2004,Cascada,y,Bag #24; 5 Mar 04; Cascada,48871,skin scrape/EtOH,Batrachochytrium d.,0,-,
SIU/KL,Silverstonia,nubicola,Dendrobatidae,3,5,2004,Cascada,y,Bag #24; 5 Mar 04; Cascada,48872,skin scrape/EtOH,Batrachochytrium d.,0,-,
SIU/KL,Silverstonia,nubicola,Dendrobatidae,3,7,2004,Silencoisa,y,Bag #11; 7 Mar 04; Silenciosa,48740,skin scrape/EtOH,Batrachochytrium d.,0,-,
SIU/KL,Smilisca,phaota,Hylidae,7,20,2004,NA,n,Bag 5; 7-20-04,48974,skin scrape/EtOH,Batrachochytrium d.,0,-,
SIU/KL,Smilisca,phaota,Hylidae,7,21,2004,NA,n,A. piedra; 7-21-04; Bag 10,49028,skin scrape/EtOH,Batrachochytrium d.,0,-,
SIU/KL,Smilisca,phaota,Hylidae,7,21,2004,NA,n,A. piedra; 7-21-04; Bag 10; road,49024,skin scrape/EtOH,Batrachochytrium d.,1,+,
SIU/KL,Smilisca,phaota,Hylidae,7,22,2004,NA,n,7-22-04; Bag 13,49054,skin scrape/EtOH,Batrachochytrium d.,1,+,
SIU/KL,Smilisca,phaota,Hylidae,7,22,2004,NA,n,7-22-04; Bag 13,49050,skin scrape/EtOH,Batrachochytrium d.,0,-,
SIU/KL,Smilisca,phaota,Hylidae,7,22,2004,NA,n,7-22-04; Bag 13,49051,skin scrape/EtOH,Batrachochytrium d.,1,w+,
SIU/KL,Smilisca,phaota,Hylidae,7,22,2004,NA,n,7-22-04; Bag 13,49052,skin scrape/EtOH,Batrachochytrium d.,0,-,
SIU/KL,Smilisca,phaota,Hylidae,7,22,2004,NA,n,7-22-04; Bag 13,49053,skin scrape/EtOH,Batrachochytrium d.,1,++,
SIU/KL,Smilisca,phaota,Hylidae,7,25,2004,NA,n,7/25/2004; Bag 20,49115,skin scrape/EtOH,Batrachochytrium d.,0,-,
SIU/KL,Smilisca,phaota,Hylidae,NA,NA,NA,NA,n,Bag 3,48951,skin scrape/EtOH,Batrachochytrium d.,0,-,
SIU/KL,Smilisca,phaota,Hylidae,NA,NA,NA,NA,n,Bag 3,48952,skin scrape/EtOH,Batrachochytrium d.,0,-,
SIU/KL,Smilisca,phaota,Hylidae,NA,NA,NA,NA,n,Bag 3,48953,skin scrape/EtOH,Batrachochytrium d.,0,-,
SIU/KL,Smilisca,phaota,Hylidae,NA,NA,NA,NA,n,Bag 3,48954,skin scrape/EtOH,Batrachochytrium d.,0,-,
SIU/KL,Smilisca,phaota,Hylidae,NA,NA,NA,NA,n,Bag 3,48955,skin scrape/EtOH,Batrachochytrium d.,0,-,
SIU/KL,Smilisca,phaota,Hylidae,NA,NA,NA,NA,n,Bag 3,48956,skin scrape/EtOH,Batrachochytrium d.,0,-,
SIU/KL,Smilisca,phaota,Hylidae,NA,NA,NA,NA,n,Bag 3,48957,skin scrape/EtOH,Batrachochytrium d.,0,-,
SIU/KL,Smilisca,phaota,Hylidae,NA,NA,NA,NA,n,Bag 3,48958,skin scrape/EtOH,Batrachochytrium d.,0,-,
SIU/KL,Smilisca,phaota,Hylidae,NA,NA,NA,NA,n,Bag 3,48959,skin scrape/EtOH,Batrachochytrium d.,0,-,
SIU/KL,Smilisca,phaota,Hylidae,NA,NA,NA,NA,n,Bag 4,48960,skin scrape/EtOH,Batrachochytrium d.,0,-,
SIU/KL,Smilisca,phaota,Hylidae,NA,NA,NA,NA,n,Bag 1,48932,skin scrape/EtOH,Batrachochytrium d.,0,-,
SIU/KL,Smilisca,phaota,Hylidae,NA,NA,NA,NA,n,Bag 4,48961,skin scrape/EtOH,Batrachochytrium d.,0,-,
SIU/KL,Smilisca,phaota,Hylidae,NA,NA,NA,NA,n,Bag 4,48962,skin scrape/EtOH,Batrachochytrium d.,0,-,
SIU/KL,Smilisca,phaota,Hylidae,NA,NA,NA,NA,n,Bag 4,48963,skin scrape/EtOH,Batrachochytrium d.,0,-,
SIU/KL,Smilisca,phaota,Hylidae,NA,NA,NA,NA,n,Bag 4,48964,skin scrape/EtOH,Batrachochytrium d.,0,-,
SIU/KL,Smilisca,phaota,Hylidae,NA,NA,NA,NA,n,Bag 4,48965,skin scrape/EtOH,Batrachochytrium d.,0,-,
SIU/KL,Smilisca,phaota,Hylidae,NA,NA,NA,NA,n,Bag 4,48966,skin scrape/EtOH,Batrachochytrium d.,0,-,
SIU/KL,Smilisca,phaota,Hylidae,NA,NA,NA,NA,n,Bag 4,48967,skin scrape/EtOH,Batrachochytrium d.,0,-,
SIU/KL,Smilisca,phaota,Hylidae,NA,NA,NA,NA,n,Bag 4,48968,skin scrape/EtOH,Batrachochytrium d.,0,-,
SIU/KL,Smilisca,phaota,Hylidae,NA,NA,NA,NA,n,Bag 4,48969,skin scrape/EtOH,Batrachochytrium d.,0,-,
SIU/KL,Smilisca,phaota,Hylidae,NA,NA,NA,NA,n,Bag 5,48970,skin scrape/EtOH,Batrachochytrium d.,0,-,
SIU/KL,Smilisca,phaota,Hylidae,NA,NA,NA,NA,n,Bag 5,48971,skin scrape/EtOH,Batrachochytrium d.,0,-,
SIU/KL,Smilisca,phaota,Hylidae,NA,NA,NA,NA,n,Bag 5,48972,skin scrape/EtOH,Batrachochytrium d.,0,-,
SIU/KL,Smilisca,phaota,Hylidae,NA,NA,NA,NA,n,Bag 5,48973,skin scrape/EtOH,Batrachochytrium d.,0,-,
SIU/KL,Smilisca,phaota,Hylidae,NA,NA,NA,NA,n,Bag 3,48950,skin scrape/EtOH,Batrachochytrium d.,0,-,
SIU/KL,Strabomantis,bufoniformis,Strabomantidae,3,4,2004,LoopStream,y,Bag #21; 4 Mar 04; Loop Stream,48832,skin scrape/EtOH,Batrachochytrium d.,0,-,
SIU/KL,Strabomantis,bufoniformis,Strabomantidae,3,4,2004,LoopStream,y,Bag #21; 4 Mar 04; Loop Stream,48833,skin scrape/EtOH,Batrachochytrium d.,0,-,
SIU/KL,Strabomantis,bufoniformis,Strabomantidae,3,5,2004,Cascada,y,Bag #23; 5 Mar 04; Cascada,48856,skin scrape/EtOH,Batrachochytrium d.,0,-,
SIU/KL,Strabomantis,bufoniformis,Strabomantidae,3,5,2004,Cascada,y,Bag #23; 5 Mar 04; Cascada,48854,skin scrape/EtOH,Batrachochytrium d.,0,-,
SIU/KL,Strabomantis,bufoniformis,Strabomantidae,3,5,2004,Cascada,y,Bag #23; 5 Mar 04; Cascada,48855,skin scrape/EtOH,Batrachochytrium d.,0,-,
SIU/KL,Strabomantis,bufoniformis,Strabomantidae,3,6,2004,Guabal,y,Bag #9; 6 Mar 04; Guabal,48731,skin scrape/EtOH,Batrachochytrium d.,0,-,
SIU/KL,Strabomantis,bufoniformis,Strabomantidae,3,6,2004,Guabal,y,Bag #9; 6 Mar 04; Guabal,48732,skin scrape/EtOH,Batrachochytrium d.,0,-,
SIU/KL,Strabomantis,bufoniformis,Strabomantidae,3,6,2004,Guabal,y,Bag #9; 6 Mar 04; Guabal,48733,skin scrape/EtOH,Batrachochytrium d.,0,-,
SIU/KL,Strabomantis,bufoniformis,Strabomantidae,3,6,2004,Guabal,y,Bag #9; 6 Mar 04; Guabal,48734,skin scrape/EtOH,Batrachochytrium d.,0,-,
SIU/KL,Strabomantis,bufoniformis,Strabomantidae,3,7,2004,Silencoisa,y,Bag #16; 7 Mar 04; Silenciosa; seep,48793,skin scrape/EtOH,Batrachochytrium d.,0,-,
SIU/KL,Strabomantis,bufoniformis,Strabomantidae,3,7,2004,Silencoisa,y,Bag #16; 7 Mar 04; Silenciosa;,48788,skin scrape/EtOH,Batrachochytrium d.,0,-,
SIU/KL,Strabomantis,bufoniformis,Strabomantidae,3,7,2004,Silencoisa,y,Bag #16; 7 Mar 04; Silenciosa,48790,skin scrape/EtOH,Batrachochytrium d.,0,-,
SIU/KL,Strabomantis,bufoniformis,Strabomantidae,3,7,2004,Silencoisa,y,Bag #16; 7 Mar 04; Silenciosa,48789,skin scrape/EtOH,Batrachochytrium d.,0,-,
SIU/KL,Strabomantis,bufoniformis,Strabomantidae,3,7,2004,Silencoisa,y,Bag #16; 7 Mar 04; Silenciosa,48791,skin scrape/EtOH,Batrachochytrium d.,0,-,
SIU/KL,Strabomantis,bufoniformis,Strabomantidae,3,7,2004,Silencoisa,y,Bag #16; 7 Mar 04; Silenciosa,48792,skin scrape/EtOH,Batrachochytrium d.,0,-,
SIU/KL,Teratohyla,spinosa,Centrolenidae,3,6,2004,Guabal,y,Bag #8; 6 Mar 04; Guabal,48719,skin scrape/EtOH,Batrachochytrium d.,0,-,